-- =============================================================================
-- LocalWeb College — DEMO SEED DATA
-- =============================================================================
-- Run after `001_initial.sql`, `002_programs_and_student_id.sql`, and
-- `003_semesters.sql`.
--
-- Optional: uncomment TRUNCATE below to wipe existing rows and reload a fresh
-- demo (only on non-production databases).
--
-- Re-run: ON CONFLICT clauses allow a second run to no-op safely. If your DB
-- already has conflicting rows, use TRUNCATE first.
-- =============================================================================

-- Uncomment to reset all app tables (WARNING: deletes all data in these tables)
-- truncate table public.grades, public.enrollments, public.schedules, public.subjects, public.students, public.programs, public.semesters cascade;
-- truncate table public.student_id_seq;

-- Default demo term id (matches migration 003 legacy row; insert no-ops if present)
-- ---------------------------------------------------------------------------
insert into public.semesters (id, name, starts_on, ends_on, is_active) values
  ('40000000-0000-4000-8000-000000000001', 'Demo 2024–25', '2024-08-01', '2025-05-31', true)
on conflict (id) do nothing;

-- Fixed UUIDs so this file is easy to read and safe to paste as one script.

-- ---------------------------------------------------------------------------
-- Programs (school offerings — referenced by students.program_id)
-- ---------------------------------------------------------------------------
insert into public.programs (id, name) values
  ('30000000-0000-4000-8000-000000000001', 'Computer Science'),
  ('30000000-0000-4000-8000-000000000002', 'Business Administration'),
  ('30000000-0000-4000-8000-000000000003', 'Information Systems')
on conflict (id) do nothing;

-- Prime ID sequence for 2024 so the next auto ID after this seed is LW-2024-0009
insert into public.student_id_seq (year, last_value) values (2024, 8)
on conflict (year) do update
set last_value = greatest(public.student_id_seq.last_value, excluded.last_value);

-- ---------------------------------------------------------------------------
-- Students (explicit student_id preserves demo IDs; new rows omit student_id for auto)
-- ---------------------------------------------------------------------------
insert into public.students (id, full_name, student_id, program_id, year_level) values
  ('10000000-0000-4000-8000-000000000001', 'Ava Martinez',      'LW-2024-001', '30000000-0000-4000-8000-000000000001', '2nd Year'),
  ('10000000-0000-4000-8000-000000000002', 'Noah Kim',           'LW-2024-002', '30000000-0000-4000-8000-000000000001', '2nd Year'),
  ('10000000-0000-4000-8000-000000000003', 'Mia Chen',           'LW-2024-003', '30000000-0000-4000-8000-000000000002', '3rd Year'),
  ('10000000-0000-4000-8000-000000000004', 'Liam Okafor',        'LW-2024-004', '30000000-0000-4000-8000-000000000001', '1st Year'),
  ('10000000-0000-4000-8000-000000000005', 'Sophia Patel',       'LW-2024-005', '30000000-0000-4000-8000-000000000002', '2nd Year'),
  ('10000000-0000-4000-8000-000000000006', 'Ethan Brooks',       'LW-2024-006', '30000000-0000-4000-8000-000000000003', '4th Year'),
  ('10000000-0000-4000-8000-000000000007', 'Isabella Nguyen',    'LW-2024-007', '30000000-0000-4000-8000-000000000001', '3rd Year'),
  ('10000000-0000-4000-8000-000000000008', 'James Rivera',       'LW-2024-008', '30000000-0000-4000-8000-000000000002', '1st Year')
on conflict (id) do nothing;

-- ---------------------------------------------------------------------------
-- Subjects (capacity chosen so chart + “slots left” look interesting)
-- ---------------------------------------------------------------------------
insert into public.subjects (id, name, code, instructor, max_capacity) values
  ('20000000-0000-4000-8000-000000000001', 'Data Structures & Algorithms', 'CS-210', 'Dr. Helen Vargas',        5),
  ('20000000-0000-4000-8000-000000000002', 'Database Systems',             'CS-330', 'Prof. Omar Siddiqui',     6),
  ('20000000-0000-4000-8000-000000000003', 'Web Application Development',  'CS-340', 'Dr. Priya Nair',          8),
  ('20000000-0000-4000-8000-000000000004', 'Principles of Marketing',      'BA-220', 'Prof. Daniel Frost',      25),
  ('20000000-0000-4000-8000-000000000005', 'Business Statistics',         'BA-250', 'Dr. Rachel Okonkwo',      20),
  ('20000000-0000-4000-8000-000000000006', 'Capstone Project Seminar',     'IS-499', 'Prof. Marcus Lee',        4)
on conflict (id) do nothing;

-- ---------------------------------------------------------------------------
-- Enrollments (per term: student_id, subject_id, semester_id)
-- ---------------------------------------------------------------------------
insert into public.enrollments (student_id, subject_id, semester_id) values
  ('10000000-0000-4000-8000-000000000001', '20000000-0000-4000-8000-000000000001', '40000000-0000-4000-8000-000000000001'),
  ('10000000-0000-4000-8000-000000000002', '20000000-0000-4000-8000-000000000001', '40000000-0000-4000-8000-000000000001'),
  ('10000000-0000-4000-8000-000000000004', '20000000-0000-4000-8000-000000000001', '40000000-0000-4000-8000-000000000001'),
  ('10000000-0000-4000-8000-000000000007', '20000000-0000-4000-8000-000000000001', '40000000-0000-4000-8000-000000000001'),
  ('10000000-0000-4000-8000-000000000001', '20000000-0000-4000-8000-000000000002', '40000000-0000-4000-8000-000000000001'),
  ('10000000-0000-4000-8000-000000000002', '20000000-0000-4000-8000-000000000002', '40000000-0000-4000-8000-000000000001'),
  ('10000000-0000-4000-8000-000000000006', '20000000-0000-4000-8000-000000000002', '40000000-0000-4000-8000-000000000001'),
  ('10000000-0000-4000-8000-000000000007', '20000000-0000-4000-8000-000000000002', '40000000-0000-4000-8000-000000000001'),
  ('10000000-0000-4000-8000-000000000008', '20000000-0000-4000-8000-000000000002', '40000000-0000-4000-8000-000000000001'),
  ('10000000-0000-4000-8000-000000000001', '20000000-0000-4000-8000-000000000003', '40000000-0000-4000-8000-000000000001'),
  ('10000000-0000-4000-8000-000000000002', '20000000-0000-4000-8000-000000000003', '40000000-0000-4000-8000-000000000001'),
  ('10000000-0000-4000-8000-000000000004', '20000000-0000-4000-8000-000000000003', '40000000-0000-4000-8000-000000000001'),
  ('10000000-0000-4000-8000-000000000006', '20000000-0000-4000-8000-000000000003', '40000000-0000-4000-8000-000000000001'),
  ('10000000-0000-4000-8000-000000000007', '20000000-0000-4000-8000-000000000003', '40000000-0000-4000-8000-000000000001'),
  ('10000000-0000-4000-8000-000000000008', '20000000-0000-4000-8000-000000000003', '40000000-0000-4000-8000-000000000001'),
  ('10000000-0000-4000-8000-000000000003', '20000000-0000-4000-8000-000000000004', '40000000-0000-4000-8000-000000000001'),
  ('10000000-0000-4000-8000-000000000005', '20000000-0000-4000-8000-000000000004', '40000000-0000-4000-8000-000000000001'),
  ('10000000-0000-4000-8000-000000000008', '20000000-0000-4000-8000-000000000004', '40000000-0000-4000-8000-000000000001'),
  ('10000000-0000-4000-8000-000000000003', '20000000-0000-4000-8000-000000000005', '40000000-0000-4000-8000-000000000001'),
  ('10000000-0000-4000-8000-000000000005', '20000000-0000-4000-8000-000000000005', '40000000-0000-4000-8000-000000000001'),
  ('10000000-0000-4000-8000-000000000001', '20000000-0000-4000-8000-000000000006', '40000000-0000-4000-8000-000000000001'),
  ('10000000-0000-4000-8000-000000000002', '20000000-0000-4000-8000-000000000006', '40000000-0000-4000-8000-000000000001'),
  ('10000000-0000-4000-8000-000000000006', '20000000-0000-4000-8000-000000000006', '40000000-0000-4000-8000-000000000001'),
  ('10000000-0000-4000-8000-000000000007', '20000000-0000-4000-8000-000000000006', '40000000-0000-4000-8000-000000000001')
on conflict (student_id, subject_id, semester_id) do nothing;

-- ---------------------------------------------------------------------------
-- Schedules (one row per subject per term)
-- ---------------------------------------------------------------------------
insert into public.schedules (subject_id, semester_id, day_of_week, start_time, end_time, room) values
  ('20000000-0000-4000-8000-000000000001', '40000000-0000-4000-8000-000000000001', 'Monday',    '09:00', '10:30', 'Lab 2A'),
  ('20000000-0000-4000-8000-000000000002', '40000000-0000-4000-8000-000000000001', 'Tuesday',   '11:00', '12:30', 'Room 204'),
  ('20000000-0000-4000-8000-000000000003', '40000000-0000-4000-8000-000000000001', 'Wednesday', '14:00', '17:00', 'Lab 1B'),
  ('20000000-0000-4000-8000-000000000004', '40000000-0000-4000-8000-000000000001', 'Thursday',  '10:00', '11:30', 'Hall C'),
  ('20000000-0000-4000-8000-000000000005', '40000000-0000-4000-8000-000000000001', 'Friday',    '13:00', '14:30', 'Room 118'),
  ('20000000-0000-4000-8000-000000000006', '40000000-0000-4000-8000-000000000001', 'Monday',    '15:00', '18:00', 'Innovation Studio')
on conflict (subject_id, semester_id) do update set
  day_of_week = excluded.day_of_week,
  start_time = excluded.start_time,
  end_time = excluded.end_time,
  room = excluded.room;

-- ---------------------------------------------------------------------------
-- Grades (per term)
-- ---------------------------------------------------------------------------
insert into public.grades (student_id, subject_id, semester_id, grade_mode, numeric_value, pass_fail, updated_at) values
  ('10000000-0000-4000-8000-000000000001', '20000000-0000-4000-8000-000000000001', '40000000-0000-4000-8000-000000000001', 'numeric',   88.50, null,  now()),
  ('10000000-0000-4000-8000-000000000002', '20000000-0000-4000-8000-000000000001', '40000000-0000-4000-8000-000000000001', 'numeric',   91.00, null,  now()),
  ('10000000-0000-4000-8000-000000000004', '20000000-0000-4000-8000-000000000001', '40000000-0000-4000-8000-000000000001', 'pass_fail', null,  'pass', now()),
  ('10000000-0000-4000-8000-000000000007', '20000000-0000-4000-8000-000000000001', '40000000-0000-4000-8000-000000000001', 'numeric',   76.25, null,  now()),
  ('10000000-0000-4000-8000-000000000001', '20000000-0000-4000-8000-000000000002', '40000000-0000-4000-8000-000000000001', 'numeric',   84.00, null,  now()),
  ('10000000-0000-4000-8000-000000000006', '20000000-0000-4000-8000-000000000002', '40000000-0000-4000-8000-000000000001', 'pass_fail', null,  'pass', now()),
  ('10000000-0000-4000-8000-000000000003', '20000000-0000-4000-8000-000000000004', '40000000-0000-4000-8000-000000000001', 'numeric',   82.75, null,  now()),
  ('10000000-0000-4000-8000-000000000005', '20000000-0000-4000-8000-000000000005', '40000000-0000-4000-8000-000000000001', 'numeric',   79.00, null,  now()),
  ('10000000-0000-4000-8000-000000000001', '20000000-0000-4000-8000-000000000006', '40000000-0000-4000-8000-000000000001', 'numeric',   93.50, null,  now())
on conflict (student_id, subject_id, semester_id) do update set
  grade_mode    = excluded.grade_mode,
  numeric_value = excluded.numeric_value,
  pass_fail     = excluded.pass_fail,
  updated_at    = excluded.updated_at;

-- Done. Refresh the app: switch terms in the header to compare semesters.
